geracao,melhor,pior,media
0,7087.0000,-997.0000,4014.5400
1,7087.0000,-997.0000,6479.7000
2,7087.0000,6068.0000,7044.1200
3,7087.0000,-997.0000,6904.0200
4,7087.0000,6080.0000,7046.2400
5,7087.0000,6080.0000,7066.5400
6,7087.0000,7085.0000,7086.7600
7,7087.0000,6080.0000,7066.3400
8,7087.0000,-997.0000,6884.8800
9,7087.0000,6080.0000,7026.5400
10,7087.0000,6080.0000,7006.2400
11,7087.0000,6080.0000,7046.6000
12,7087.0000,-997.0000,6904.9400
13,7087.0000,6080.0000,7046.7200
14,7087.0000,6080.0000,7066.6200
15,7087.0000,-997.0000,6703.1000
16,7087.0000,6080.0000,7046.6400
17,7087.0000,-997.0000,6884.7600
18,7087.0000,-997.0000,6743.1000
19,7087.0000,6080.0000,7046.6400
20,7087.0000,6070.0000,7025.8600
21,7087.0000,6080.0000,7046.4800
22,7087.0000,6080.0000,7046.6400
23,7087.0000,7079.0000,7086.7200
24,7087.0000,-997.0000,6904.7800
25,7087.0000,6080.0000,7066.5000
26,7087.0000,6080.0000,7026.2600
27,7087.0000,-997.0000,6864.5400
28,7087.0000,-997.0000,6864.0600
29,7087.0000,-997.0000,6864.5000
30,7087.0000,-997.0000,6581.6600
31,7087.0000,-997.0000,6904.8600
32,7087.0000,-997.0000,6905.0600
33,7087.0000,6080.0000,7046.2400
34,7087.0000,7085.0000,7086.7600
35,7087.0000,-997.0000,6925.1200
36,7087.0000,7081.0000,7086.7600
37,7087.0000,7081.0000,7086.7200
38,7087.0000,6082.0000,7066.7000
39,7087.0000,6080.0000,7066.6200
40,7087.0000,6080.0000,7066.7000
41,7087.0000,6080.0000,7026.5000
42,7087.0000,6080.0000,7026.5800
43,7087.0000,6070.0000,7066.6200
44,7087.0000,-997.0000,6884.6400
45,7087.0000,-997.0000,6682.4800
46,7087.0000,7085.0000,7086.8800
47,7087.0000,6068.0000,7026.0200
48,7087.0000,6070.0000,7046.1200
49,7087.0000,7085.0000,7086.9600
50,7087.0000,-997.0000,6885.0000
51,7087.0000,-997.0000,6884.6800
52,7087.0000,-997.0000,6601.6000
53,7087.0000,-997.0000,6743.1000
54,7087.0000,7081.0000,7086.6000
55,7087.0000,6080.0000,7066.8600
56,7087.0000,-997.0000,6763.4800
57,7087.0000,6080.0000,7046.6800
58,7087.0000,-997.0000,6904.9000
59,7087.0000,6080.0000,7066.7000
60,7087.0000,-997.0000,6884.6800
61,7087.0000,6080.0000,7066.7400
62,7087.0000,-997.0000,6905.2600
63,7087.0000,-997.0000,6702.9800
64,7087.0000,-997.0000,6703.1400
65,7087.0000,7085.0000,7086.9600
66,7087.0000,-997.0000,6581.6600
67,7087.0000,-997.0000,6581.6200
68,7087.0000,7087.0000,7087.0000
69,7087.0000,-997.0000,6864.7000
70,7087.0000,-997.0000,6884.9600
71,7087.0000,6070.0000,7005.8400
72,7087.0000,6070.0000,7046.4000
73,7087.0000,-997.0000,6884.5200
74,7087.0000,-997.0000,6561.5600
75,7087.0000,-997.0000,6904.8600
76,7087.0000,-997.0000,6904.8200
77,7087.0000,-997.0000,6905.1800
78,7087.0000,-997.0000,6743.2200
79,7087.0000,-997.0000,6763.5200
80,7087.0000,-997.0000,6743.2600
81,7087.0000,6080.0000,7026.3400
82,7087.0000,6080.0000,7046.7200
83,7087.0000,-997.0000,6904.7000
84,7087.0000,-997.0000,6884.9200
85,7087.0000,6080.0000,7066.8600
86,7087.0000,-997.0000,6864.7000
87,7087.0000,-997.0000,6824.3000
88,7087.0000,6080.0000,7046.6800
89,7087.0000,-997.0000,6864.6600
90,7087.0000,-997.0000,6703.2400
91,7087.0000,6080.0000,7066.8600
92,7087.0000,6080.0000,7046.4000
93,7087.0000,-997.0000,6420.1400
94,7087.0000,-997.0000,6905.1400
95,7087.0000,-997.0000,6763.6000
96,7087.0000,-997.0000,6601.8800
97,7087.0000,7081.0000,7086.8800
98,7087.0000,-997.0000,6601.7200
99,7087.0000,7085.0000,7086.9200
100,7087.0000,-997.0000,6743.4200
101,7087.0000,7081.0000,7086.8400
102,7087.0000,-997.0000,6905.0600
103,7087.0000,-997.0000,6400.0400
104,7087.0000,6080.0000,7046.7200
105,7087.0000,-997.0000,6904.7000
106,7087.0000,-997.0000,6763.6400
107,7087.0000,-997.0000,6743.3000
108,7087.0000,-997.0000,6743.3400
109,7087.0000,6080.0000,7046.6800
110,7087.0000,6080.0000,7046.4400
111,7087.0000,6080.0000,7026.4600
112,7087.0000,-997.0000,6925.2000
113,7087.0000,-994.0000,6905.2000
114,7087.0000,7079.0000,7086.6800
115,7087.0000,6070.0000,7026.0200
116,7087.0000,6070.0000,7026.2200
117,7087.0000,-994.0000,6864.7200
118,7087.0000,-997.0000,6743.3800
119,7087.0000,6080.0000,7066.4200
120,7087.0000,6080.0000,7066.5000
121,7087.0000,6080.0000,7066.6600
122,7087.0000,-997.0000,6885.0000
123,7087.0000,-997.0000,6864.8600
124,7087.0000,-997.0000,6864.7400
125,7087.0000,-994.0000,6904.9200
126,7087.0000,6080.0000,7046.7200
127,7087.0000,7085.0000,7086.9600
128,7087.0000,-997.0000,6884.9600
129,7087.0000,-997.0000,6743.2800
130,7087.0000,-994.0000,6925.1400
131,7087.0000,-997.0000,6884.8000
132,7087.0000,-997.0000,6904.9800
133,7087.0000,-997.0000,6864.7400
134,7087.0000,-997.0000,6581.5400
135,7087.0000,-997.0000,6743.4600
136,7087.0000,-997.0000,6904.9000
137,7087.0000,6080.0000,7066.7400
138,7087.0000,6070.0000,7026.3400
139,7087.0000,6080.0000,7066.7000
140,7087.0000,6080.0000,7066.5000
141,7087.0000,7079.0000,7086.7600
142,7087.0000,-997.0000,6884.8800
143,7087.0000,-997.0000,6884.9600
144,7087.0000,6080.0000,7006.3200
145,7087.0000,-997.0000,6743.5000
146,7087.0000,-997.0000,6601.5600
147,7087.0000,-997.0000,6723.1200
148,7087.0000,-997.0000,6905.0200
149,7087.0000,-994.0000,6905.1600
150,7087.0000,-997.0000,6743.4800
151,7087.0000,-997.0000,6925.0400
152,7087.0000,6080.0000,7066.7800
153,7087.0000,-997.0000,6702.9400
154,7087.0000,6080.0000,7066.6200
155,7087.0000,-997.0000,6924.9200
156,7087.0000,6070.0000,7026.3800
157,7087.0000,-997.0000,6924.7600
158,7087.0000,-997.0000,6379.5800
159,7087.0000,-997.0000,6904.9000
160,7087.0000,-997.0000,6925.2000
161,7087.0000,-997.0000,6581.7800
162,7087.0000,-997.0000,6763.4800
163,7087.0000,6070.0000,7026.3400
164,7087.0000,-997.0000,6925.0800
165,7087.0000,-997.0000,6925.2000
166,7087.0000,-997.0000,6743.2600
167,7087.0000,-997.0000,6864.6600
168,7087.0000,-997.0000,6864.5400
169,7087.0000,-997.0000,6904.8200
170,7087.0000,6070.0000,7066.3400
171,7087.0000,6080.0000,7046.4400
172,7087.0000,-997.0000,6905.1000
173,7087.0000,-997.0000,6924.8800
174,7087.0000,-997.0000,6885.0000
175,7087.0000,6070.0000,7026.1800
176,7087.0000,-997.0000,6925.1200
177,7087.0000,6080.0000,7046.6400
178,7087.0000,-997.0000,6722.8800
179,7087.0000,-997.0000,6884.5600
180,7087.0000,7085.0000,7086.9200
181,7087.0000,-997.0000,6904.9800
182,7087.0000,6070.0000,7046.2400
183,7087.0000,-997.0000,6581.1800
184,7087.0000,7081.0000,7086.7200
185,7087.0000,-997.0000,6884.7200
186,7087.0000,6070.0000,7046.2800
187,7087.0000,-997.0000,6884.5200
188,7087.0000,-997.0000,6925.0800
189,7087.0000,-997.0000,6419.7400
190,7087.0000,7081.0000,7086.6800
191,7087.0000,-997.0000,6723.0200
192,7087.0000,6070.0000,7066.6200
193,7087.0000,6080.0000,7066.5000
194,7087.0000,-997.0000,6540.9800
195,7087.0000,7081.0000,7086.8000
196,7087.0000,6070.0000,7066.5400
197,7087.0000,-997.0000,6925.0400
198,7087.0000,-997.0000,6723.0000
199,7087.0000,6070.0000,7066.5400
200,7087.0000,-997.0000,6258.3800
201,7087.0000,7085.0000,7086.9200
202,7087.0000,-994.0000,6925.2600
203,7087.0000,6070.0000,7046.2400
204,7087.0000,7081.0000,7086.8400
205,7087.0000,6070.0000,7066.3400
206,7087.0000,-997.0000,6581.2600
207,7087.0000,-997.0000,6743.5600
208,7087.0000,-997.0000,6581.4600
209,7087.0000,-997.0000,6905.1000
210,7087.0000,6080.0000,7066.6200
211,7087.0000,-997.0000,6743.1400
212,7087.0000,6080.0000,7066.8200
213,7087.0000,7081.0000,7086.8000
214,7087.0000,6080.0000,7046.6400
215,7087.0000,-997.0000,6905.1000
216,7087.0000,-997.0000,6904.7800
217,7087.0000,7081.0000,7086.7600
218,7087.0000,6080.0000,7046.6400
219,7087.0000,-997.0000,6904.7800
220,7087.0000,-997.0000,6904.8200
221,7087.0000,6080.0000,7066.5000
222,7087.0000,6068.0000,7046.3600
223,7087.0000,6070.0000,7026.1000
224,7087.0000,-997.0000,6723.2000
225,7087.0000,6080.0000,7046.4000
226,7087.0000,-997.0000,6884.6800
227,7087.0000,6080.0000,7066.7800
228,7087.0000,-997.0000,6925.0000
229,7087.0000,-997.0000,6844.2000
230,7087.0000,-997.0000,6763.5600
231,7087.0000,7081.0000,7086.8000
232,7087.0000,-997.0000,6723.0000
233,7087.0000,6070.0000,7026.2600
234,7087.0000,-997.0000,6884.5200
235,7087.0000,-997.0000,6601.6400
236,7087.0000,-997.0000,6924.9200
237,7087.0000,-997.0000,6925.2800
238,7087.0000,-997.0000,6743.4000
239,7087.0000,-997.0000,6763.3200
240,7087.0000,7081.0000,7086.6800
241,7087.0000,6070.0000,7046.3600
242,7087.0000,-997.0000,6925.1600
243,7087.0000,-997.0000,6925.2800
244,7087.0000,6080.0000,7066.5400
245,7087.0000,6070.0000,7025.9800
246,7087.0000,-997.0000,6763.6000
247,7087.0000,6070.0000,7006.0000
248,7087.0000,-997.0000,6581.7800
249,7087.0000,7079.0000,7086.8000
250,7087.0000,-997.0000,6905.0600
251,7087.0000,-997.0000,6904.9800
252,7087.0000,-997.0000,6884.9200
253,7087.0000,6080.0000,7046.6000
254,7087.0000,-997.0000,6904.7400
255,7087.0000,-997.0000,6703.1400
256,7087.0000,7081.0000,7086.6800
257,7087.0000,6080.0000,7066.5400
258,7087.0000,-997.0000,6278.3600
259,7087.0000,-997.0000,6743.2600
260,7087.0000,6080.0000,7066.7800
261,7087.0000,-997.0000,6763.2400
262,7087.0000,6080.0000,7026.4600
263,7087.0000,-997.0000,6723.0400
264,7087.0000,6080.0000,7066.6200
265,7087.0000,6070.0000,7046.1600
266,7087.0000,-997.0000,6864.6600
267,7087.0000,6080.0000,7026.4600
268,7087.0000,6070.0000,7026.1800
269,7087.0000,-997.0000,6924.9600
270,7087.0000,6080.0000,7046.2800
271,7087.0000,7081.0000,7086.7600
272,7087.0000,-994.0000,6925.3400
273,7087.0000,-997.0000,6561.4000
274,7087.0000,-997.0000,6581.5000
275,7087.0000,-997.0000,6743.1000
276,7087.0000,-997.0000,6763.5200
277,7087.0000,-997.0000,6541.1800
278,7087.0000,6080.0000,7046.6400
279,7087.0000,6080.0000,7046.7200
280,7087.0000,7085.0000,7086.8800
281,7087.0000,-997.0000,6581.7200
282,7087.0000,6070.0000,7046.1600
283,7087.0000,6080.0000,7046.3600
284,7087.0000,6070.0000,7066.3800
285,7087.0000,-997.0000,6924.8800
286,7087.0000,-997.0000,6743.2600
287,7087.0000,-997.0000,6763.4800
288,7087.0000,-997.0000,6904.9800
289,7087.0000,-997.0000,6258.1800
290,7087.0000,6070.0000,7066.6200
291,7087.0000,-997.0000,6763.4400
292,7087.0000,-997.0000,6763.5200
293,7087.0000,-997.0000,6723.2000
294,7087.0000,-997.0000,6722.5600
295,7087.0000,7081.0000,7086.8800
296,7087.0000,-997.0000,6904.6600
297,7087.0000,-997.0000,6722.8400
298,7087.0000,-997.0000,6682.7600
299,7087.0000,-997.0000,6925.1600
300,7087.0000,6070.0000,7026.3000
301,7087.0000,-994.0000,6884.5400
302,7087.0000,6080.0000,7046.4800
303,7087.0000,6070.0000,7026.2200
304,7087.0000,-997.0000,6541.0200
305,7087.0000,6080.0000,7066.7400
306,7087.0000,7081.0000,7086.8400
307,7087.0000,-997.0000,6884.7600
308,7087.0000,7081.0000,7086.8400
309,7087.0000,6070.0000,7046.4800
310,7087.0000,6080.0000,7046.5200
311,7087.0000,-997.0000,6743.3000
312,7087.0000,-997.0000,6925.1600
313,7087.0000,-997.0000,6925.0800
314,7087.0000,-997.0000,6541.4600
315,7087.0000,-997.0000,6743.1400
316,7087.0000,7081.0000,7086.7200
317,7087.0000,-997.0000,6884.8800
318,7087.0000,6080.0000,7046.6400
319,7087.0000,-997.0000,6723.4000
320,7087.0000,-997.0000,6541.5000
321,7087.0000,-997.0000,6743.3800
322,7087.0000,-997.0000,6743.5000
323,7087.0000,-997.0000,5935.1600
324,7087.0000,-997.0000,6581.7800
325,7087.0000,-997.0000,6884.7200
326,7087.0000,6082.0000,7066.7800
327,7087.0000,-997.0000,6399.5400
328,7087.0000,-997.0000,6904.8600
329,7087.0000,7085.0000,7086.9200
330,7087.0000,-997.0000,6905.1000
331,7087.0000,-997.0000,6884.8800
332,7087.0000,-997.0000,6723.3200
333,7087.0000,7081.0000,7086.8000
334,7087.0000,-997.0000,6257.8200
335,7087.0000,6080.0000,7066.5800
336,7087.0000,-997.0000,6541.0000
337,7087.0000,-997.0000,6723.1200
338,7087.0000,-994.0000,6925.3000
339,7087.0000,-997.0000,6420.1600
340,7087.0000,-997.0000,6925.1200
341,7087.0000,-997.0000,6703.2400
342,7087.0000,6080.0000,7046.6000
343,7087.0000,-997.0000,6440.1800
344,7087.0000,6080.0000,7046.5600
345,7087.0000,-997.0000,6723.2400
346,7087.0000,-997.0000,6925.0400
347,7087.0000,6080.0000,7026.5000
348,7087.0000,-997.0000,6581.8000
349,7087.0000,-997.0000,6904.8200
350,7087.0000,6070.0000,7066.5400
351,7087.0000,6070.0000,7005.7600
352,7087.0000,-997.0000,6703.0600
353,7087.0000,-997.0000,6904.9800
354,7087.0000,-997.0000,6541.1400
355,7087.0000,7081.0000,7086.8400
356,7087.0000,-997.0000,6884.7200
357,7087.0000,7085.0000,7086.9600
358,7087.0000,-997.0000,6905.0600
359,7087.0000,-997.0000,6601.8400
360,7087.0000,6070.0000,7026.2600
361,7087.0000,-997.0000,6763.5200
362,7087.0000,-997.0000,6905.1000
363,7087.0000,6080.0000,7006.4400
364,7087.0000,-997.0000,6904.9000
365,7087.0000,-997.0000,6904.8200
366,7087.0000,7085.0000,7086.9200
367,7087.0000,-997.0000,6763.4400
368,7087.0000,7079.0000,7086.5200
369,7087.0000,6080.0000,7066.5800
370,7087.0000,-997.0000,6743.4600
371,7087.0000,-997.0000,6904.9400
372,7087.0000,-997.0000,6884.8800
373,7087.0000,-997.0000,6925.2800
374,7087.0000,-997.0000,6581.7000
375,7087.0000,-997.0000,6884.7200
376,7087.0000,-997.0000,6723.2200
377,7087.0000,6070.0000,7026.1000
378,7087.0000,6080.0000,7066.8600
379,7087.0000,-997.0000,6743.1200
380,7087.0000,6070.0000,7066.5400
381,7087.0000,-994.0000,6864.7200
382,7087.0000,-997.0000,6904.8200
383,7087.0000,-997.0000,6763.5800
384,7087.0000,-997.0000,6884.6400
385,7087.0000,7081.0000,7086.8400
386,7087.0000,-994.0000,6905.0000
387,7087.0000,6070.0000,7025.9000
388,7087.0000,-997.0000,6925.2800
389,7087.0000,6080.0000,7066.8200
390,7087.0000,6080.0000,7066.6600
391,7087.0000,6070.0000,7046.4000
392,7087.0000,7081.0000,7086.8400
393,7087.0000,-997.0000,6743.1000
394,7087.0000,-997.0000,6884.6400
395,7087.0000,-997.0000,6723.3200
396,7087.0000,7079.0000,7086.6400
397,7087.0000,7085.0000,7086.8400
398,7087.0000,-997.0000,6925.2000
399,7087.0000,-997.0000,6925.2000
400,7087.0000,-997.0000,6904.9000
401,7087.0000,7079.0000,7086.7200
402,7087.0000,6080.0000,7066.6600
403,7087.0000,-997.0000,6763.1200
404,7087.0000,6080.0000,7066.7400
405,7087.0000,-997.0000,6924.8400
406,7087.0000,-997.0000,6925.1200
407,7087.0000,6070.0000,7066.6200
408,7087.0000,-997.0000,6722.9600
409,7087.0000,6070.0000,7066.6200
410,7087.0000,-997.0000,6905.0600
411,7087.0000,-997.0000,6924.9600
412,7087.0000,-997.0000,6601.6800
413,7087.0000,-997.0000,6581.6200
414,7087.0000,-997.0000,6379.5000
415,7087.0000,-997.0000,6440.2000
416,7087.0000,6070.0000,7026.0600
417,7087.0000,7085.0000,7086.8800
418,7087.0000,-997.0000,6884.7200
419,7087.0000,-997.0000,6925.1600
420,7087.0000,-997.0000,6844.1600
421,7087.0000,6080.0000,7046.4000
422,7087.0000,-997.0000,6743.5000
423,7087.0000,-997.0000,6884.8800
424,7087.0000,-994.0000,6905.1200
425,7087.0000,-997.0000,6763.6000
426,7087.0000,-997.0000,6864.8600
427,7087.0000,-997.0000,6905.0600
428,7087.0000,-997.0000,6601.8400
429,7087.0000,7085.0000,7086.9600
430,7087.0000,-997.0000,6884.7200
431,7087.0000,-997.0000,6904.9400
432,7087.0000,-997.0000,6905.1400
433,7087.0000,-997.0000,6743.1000
434,7087.0000,-997.0000,6601.6000
435,7087.0000,6080.0000,7066.6600
436,7087.0000,6070.0000,7006.1600
437,7087.0000,6080.0000,7066.7000
438,7087.0000,-997.0000,6925.0400
439,7087.0000,-997.0000,6601.8800
440,7087.0000,-997.0000,6601.5600
441,7087.0000,-997.0000,6743.4200
442,7087.0000,6070.0000,7066.5800
443,7087.0000,-997.0000,6884.8000
444,7087.0000,6080.0000,7066.6200
445,7087.0000,6080.0000,7046.4400
446,7087.0000,6080.0000,7066.6200
447,7087.0000,-997.0000,6905.1000
448,7087.0000,-997.0000,6925.0800
449,7087.0000,-997.0000,6743.1800
450,7087.0000,-997.0000,6722.7600
451,7087.0000,-997.0000,6884.7600
452,7087.0000,-997.0000,6763.4000
453,7087.0000,-997.0000,6905.0600
454,7087.0000,-997.0000,6743.3400
455,7087.0000,-997.0000,6904.8200
456,7087.0000,6080.0000,7006.2000
457,7087.0000,6080.0000,7046.5600
458,7087.0000,-997.0000,6904.9400
459,7087.0000,6080.0000,7066.6200
460,7087.0000,7081.0000,7086.8400
461,7087.0000,-997.0000,6905.1800
462,7087.0000,-997.0000,6723.1600
463,7087.0000,-997.0000,6763.2800
464,7087.0000,7081.0000,7086.8400
465,7087.0000,-997.0000,6864.9000
466,7087.0000,-997.0000,6763.5200
467,7087.0000,7085.0000,7086.8000
468,7087.0000,-997.0000,6743.4600
469,7087.0000,-997.0000,6884.7200
470,7087.0000,-997.0000,6439.8400
471,7087.0000,-997.0000,6924.9600
472,7087.0000,-997.0000,6905.0600
473,7087.0000,-997.0000,6743.4200
474,7087.0000,-997.0000,6925.1200
475,7087.0000,-997.0000,6581.4600
476,7087.0000,-997.0000,6904.6600
477,7087.0000,6080.0000,7066.7000
478,7087.0000,7079.0000,7086.8000
479,7087.0000,-997.0000,6925.2400
480,7087.0000,6080.0000,7066.8600
481,7087.0000,-997.0000,6884.8000
482,7087.0000,-997.0000,6379.4600
483,7087.0000,7079.0000,7086.4400
484,7087.0000,-997.0000,6743.0600
485,7087.0000,-997.0000,6925.2000
486,7087.0000,-997.0000,6885.0000
487,7087.0000,-997.0000,6723.2800
488,7087.0000,6080.0000,7066.6200
489,7087.0000,-997.0000,6601.6400
490,7087.0000,-997.0000,6763.5200
491,7087.0000,-997.0000,6763.4000
492,7087.0000,-997.0000,6904.8600
493,7087.0000,-997.0000,6763.4400
494,7087.0000,-997.0000,6763.4400
495,7087.0000,-997.0000,6824.3800
496,7087.0000,-997.0000,6561.7000
497,7087.0000,-997.0000,6904.8600
498,7087.0000,7085.0000,7086.9200
499,7087.0000,7087.0000,7087.0000
500,7087.0000,-997.0000,6904.8600
501,7087.0000,6080.0000,7006.3200
502,7087.0000,6080.0000,7066.7400
503,7087.0000,6080.0000,7066.5400
504,7087.0000,-997.0000,6723.0800
505,7087.0000,-997.0000,6904.9400
506,7087.0000,-997.0000,6581.5800
507,7087.0000,-997.0000,6763.5600
508,7087.0000,-997.0000,6864.7800
509,7087.0000,-997.0000,6925.2400
510,7087.0000,-997.0000,6904.9000
511,7087.0000,-997.0000,6743.3800
512,7087.0000,-997.0000,6561.6200
513,7087.0000,-997.0000,6885.0000
514,7087.0000,-997.0000,6763.4800
515,7087.0000,-997.0000,6763.4000
516,7087.0000,-997.0000,6884.9200
517,7087.0000,-997.0000,6763.4800
518,7087.0000,-997.0000,6905.1800
519,7087.0000,6080.0000,7026.5000
520,7087.0000,-997.0000,6763.6000
521,7087.0000,6070.0000,7066.4600
522,7087.0000,-997.0000,6581.7600
523,7087.0000,-994.0000,6884.9400
524,7087.0000,6070.0000,7046.0000
525,7087.0000,-997.0000,6702.6800
526,7087.0000,6070.0000,7046.2800
527,7087.0000,6080.0000,7066.4200
528,7087.0000,-997.0000,6743.2200
529,7087.0000,-997.0000,6905.1400
530,7087.0000,-997.0000,6864.6200
531,7087.0000,6080.0000,7026.3400
532,7087.0000,6082.0000,7066.7000
533,7087.0000,-997.0000,6884.5200
534,7087.0000,6070.0000,7025.9400
535,7087.0000,-997.0000,6763.4000
536,7087.0000,-997.0000,6925.2800
537,7087.0000,-997.0000,6904.9400
538,7087.0000,6070.0000,7026.1400
539,7087.0000,6070.0000,7025.8600
540,7087.0000,6070.0000,7066.5400
541,7087.0000,6080.0000,7066.7400
542,7087.0000,6070.0000,7046.0800
543,7087.0000,-997.0000,6864.1400
544,7087.0000,6080.0000,7066.6600
545,7087.0000,-997.0000,6743.2200
546,7087.0000,-997.0000,6925.0400
547,7087.0000,6080.0000,7046.3600
548,7087.0000,6080.0000,7026.5800
549,7087.0000,6080.0000,7066.7800
550,7087.0000,7081.0000,7086.6400
551,7087.0000,6080.0000,7066.6200
552,7087.0000,6070.0000,7066.3800
553,7087.0000,-997.0000,6905.0200
554,7087.0000,-997.0000,6925.0800
555,7087.0000,6080.0000,7066.8200
556,7087.0000,-997.0000,6743.1000
557,7087.0000,7085.0000,7086.9600
558,7087.0000,6080.0000,7026.5800
559,7087.0000,-997.0000,6905.0600
560,7087.0000,-997.0000,6904.9800
561,7087.0000,-997.0000,6864.7800
562,7087.0000,6070.0000,7066.3800
563,7087.0000,6070.0000,7026.0200
564,7087.0000,7079.0000,7086.6000
565,7087.0000,-997.0000,6904.7000
566,7087.0000,-997.0000,6904.7000
567,7087.0000,7081.0000,7086.7600
568,7087.0000,-997.0000,6885.0400
569,7087.0000,6070.0000,7046.3600
570,7087.0000,-997.0000,6905.0200
571,7087.0000,6080.0000,7026.3000
572,7087.0000,-997.0000,6884.8000
573,7087.0000,7081.0000,7086.8800
574,7087.0000,7081.0000,7086.8000
575,7087.0000,6070.0000,7006.0800
576,7087.0000,-997.0000,6904.9800
577,7087.0000,7087.0000,7087.0000
578,7087.0000,6080.0000,7066.7400
579,7087.0000,6080.0000,7046.2000
580,7087.0000,-997.0000,6924.8800
581,7087.0000,6080.0000,7066.7000
582,7087.0000,-997.0000,6743.3800
583,7087.0000,-997.0000,6904.9000
584,7087.0000,-997.0000,6884.9600
585,7087.0000,-997.0000,6904.8600
586,7087.0000,7079.0000,7086.5600
587,7087.0000,6070.0000,7066.3000
588,7087.0000,-997.0000,6925.1600
589,7087.0000,7087.0000,7087.0000
590,7087.0000,-997.0000,6884.9600
591,7087.0000,-997.0000,6905.1400
592,7087.0000,-997.0000,6723.2400
593,7087.0000,-997.0000,6601.6800
594,7087.0000,-997.0000,6925.2800
595,7087.0000,6080.0000,7066.7400
596,7087.0000,-997.0000,6581.5400
597,7087.0000,-997.0000,6884.5600
598,7087.0000,-997.0000,6884.9600
599,7087.0000,6070.0000,7066.6200
600,7087.0000,7085.0000,7086.8800
601,7087.0000,-997.0000,6601.6000
602,7087.0000,-997.0000,6723.1200
603,7087.0000,-997.0000,6743.4200
604,7087.0000,-997.0000,6763.6400
605,7087.0000,6080.0000,7066.7400
606,7087.0000,-997.0000,6601.8400
607,7087.0000,-997.0000,6116.7200
608,7087.0000,-997.0000,6904.7400
609,7087.0000,-997.0000,6440.2400
610,7087.0000,-997.0000,6581.7800
611,7087.0000,-997.0000,6723.1200
612,7087.0000,-997.0000,6258.2600
613,7087.0000,-997.0000,6601.6000
614,7087.0000,7085.0000,7086.7600
615,7087.0000,-997.0000,6399.7200
616,7087.0000,-997.0000,6237.7200
617,7087.0000,-997.0000,6743.1400
618,7087.0000,7085.0000,7086.9200
619,7087.0000,6080.0000,7026.5000
620,7087.0000,6080.0000,7046.4400
621,7087.0000,6080.0000,7046.4000
622,7087.0000,-997.0000,6885.0000
623,7087.0000,-997.0000,6723.2800
624,7087.0000,-997.0000,6925.0000
625,7087.0000,7085.0000,7086.9200
626,7087.0000,6080.0000,7046.6800
627,7087.0000,-997.0000,6925.2400
628,7087.0000,-997.0000,6561.5200
629,7087.0000,6080.0000,7026.3800
630,7087.0000,-997.0000,6905.0200
631,7087.0000,-997.0000,6904.7800
632,7087.0000,6080.0000,7066.5000
633,7087.0000,-997.0000,6905.0200
634,7087.0000,-997.0000,6885.0400
635,7087.0000,-997.0000,6238.2400
636,7087.0000,-997.0000,6925.2400
637,7087.0000,6080.0000,7046.5200
638,7087.0000,-997.0000,6925.2800
639,7087.0000,6080.0000,7006.4000
640,7087.0000,-997.0000,6743.0600
641,7087.0000,-994.0000,6925.1800
642,7087.0000,6080.0000,7066.4200
643,7087.0000,6080.0000,7026.5800
644,7087.0000,6070.0000,7046.3200
645,7087.0000,-997.0000,6743.3400
646,7087.0000,-997.0000,6925.2400
647,7087.0000,-997.0000,6763.6000
648,7087.0000,7081.0000,7086.8800
649,7087.0000,6080.0000,7066.5400
650,7087.0000,-997.0000,6905.0600
651,7087.0000,-994.0000,6924.9800
652,7087.0000,6080.0000,7066.7800
653,7087.0000,-997.0000,6743.4600
654,7087.0000,-997.0000,6763.6000
655,7087.0000,-997.0000,6884.7200
656,7087.0000,6080.0000,7066.6600
657,7087.0000,7085.0000,7086.9600
658,7087.0000,6070.0000,7046.2800
659,7087.0000,-997.0000,6925.0400
660,7087.0000,6070.0000,7005.9200
661,7087.0000,6070.0000,6985.8600
662,7087.0000,-997.0000,6925.2000
663,7087.0000,-997.0000,6904.9400
664,7087.0000,-997.0000,6925.2400
665,7087.0000,-997.0000,6925.1200
666,7087.0000,-997.0000,6904.9400
667,7087.0000,6080.0000,7066.5800
668,7087.0000,6080.0000,7066.7000
669,7087.0000,6080.0000,7066.6200
670,7087.0000,6080.0000,7066.7000
671,7087.0000,7081.0000,7086.8400
672,7087.0000,-997.0000,6561.6000
673,7087.0000,-997.0000,6763.4800
674,7087.0000,6080.0000,7066.5400
675,7087.0000,-997.0000,6844.2800
676,7087.0000,-997.0000,6884.5600
677,7087.0000,-997.0000,6925.1600
678,7087.0000,6070.0000,7026.2200
679,7087.0000,6080.0000,7066.5800
680,7087.0000,-997.0000,6905.0600
681,7087.0000,7085.0000,7086.9200
682,7087.0000,-997.0000,6581.8200
683,7087.0000,-997.0000,6703.1200
684,7087.0000,6080.0000,7046.3200
685,7087.0000,-997.0000,6925.2800
686,7087.0000,-997.0000,6864.3400
687,7087.0000,6080.0000,7046.4000
688,7087.0000,6080.0000,7066.7400
689,7087.0000,-997.0000,6864.8200
690,7087.0000,-994.0000,6905.2400
691,7087.0000,-997.0000,6884.7600
692,7087.0000,7085.0000,7086.8400
693,7087.0000,-997.0000,6905.0200
694,7087.0000,-997.0000,6925.2400
695,7087.0000,-997.0000,6925.3200
696,7087.0000,-997.0000,6723.1200
697,7087.0000,6080.0000,7066.6200
698,7087.0000,6080.0000,7046.6000
699,7087.0000,-997.0000,6601.8000
700,7087.0000,-997.0000,6884.9600
701,7087.0000,-997.0000,6904.8200
702,7087.0000,6080.0000,7066.7400
703,7087.0000,-997.0000,6743.0600
704,7087.0000,6080.0000,7026.3800
705,7087.0000,-997.0000,6925.1600
706,7087.0000,6070.0000,7046.2800
707,7087.0000,-997.0000,6904.9400
708,7087.0000,-997.0000,6885.0000
709,7087.0000,-997.0000,6541.5400
710,7087.0000,-997.0000,6743.2200
711,7087.0000,6080.0000,7066.7400
712,7087.0000,-997.0000,6581.5800
713,7087.0000,-997.0000,6925.1600
714,7087.0000,6080.0000,7026.3400
715,7087.0000,-997.0000,6925.1600
716,7087.0000,-997.0000,6864.8200
717,7087.0000,-997.0000,6925.0800
718,7087.0000,-997.0000,6683.0400
719,7087.0000,-997.0000,6420.0200
720,7087.0000,-997.0000,6722.9600
721,7087.0000,-997.0000,6884.8800
722,7087.0000,6080.0000,7066.7800
723,7087.0000,-994.0000,6905.2000
724,7087.0000,-997.0000,6743.4600
725,7087.0000,-997.0000,6743.1800
726,7087.0000,-997.0000,6884.6400
727,7087.0000,-997.0000,6743.4600
728,7087.0000,-997.0000,6884.8000
729,7087.0000,-997.0000,6925.3200
730,7087.0000,-997.0000,6662.7400
731,7087.0000,7079.0000,7086.7600
732,7087.0000,-994.0000,6925.2200
733,7087.0000,-997.0000,6904.9000
734,7087.0000,-997.0000,6743.3800
735,7087.0000,-997.0000,6723.3200
736,7087.0000,6080.0000,7006.2800
737,7087.0000,-997.0000,6763.6400
738,7087.0000,-997.0000,6904.8600
739,7087.0000,6080.0000,7026.5800
740,7087.0000,-997.0000,6925.1600
741,7087.0000,-997.0000,6904.9400
742,7087.0000,-997.0000,6561.6800
743,7087.0000,-997.0000,6763.5600
744,7087.0000,7079.0000,7086.8000
745,7087.0000,-997.0000,6662.6200
746,7087.0000,-997.0000,6723.2000
747,7087.0000,7085.0000,7086.9200
748,7087.0000,-997.0000,6702.4200
749,7087.0000,-997.0000,6561.5600
750,7087.0000,-997.0000,6581.5600
751,7087.0000,-997.0000,6925.0800
752,7087.0000,-997.0000,6581.6200
753,7087.0000,-997.0000,6763.5200
754,7087.0000,6080.0000,7066.6200
755,7087.0000,-997.0000,6379.6200
756,7087.0000,-997.0000,6723.3200
757,7087.0000,-997.0000,6884.7200
758,7087.0000,7081.0000,7086.8000
759,7087.0000,-997.0000,6743.4600
760,7087.0000,-997.0000,6763.5600
761,7087.0000,-997.0000,6905.1400
762,7087.0000,-997.0000,6904.9400
763,7087.0000,6080.0000,7046.2400
764,7087.0000,6070.0000,7046.2400
765,7087.0000,-997.0000,6884.8400
766,7087.0000,-997.0000,6885.0000
767,7087.0000,-997.0000,6399.8000
768,7087.0000,6070.0000,6986.1000
769,7087.0000,6080.0000,7066.7400
770,7087.0000,-994.0000,6884.7800
771,7087.0000,-997.0000,6561.4800
772,7087.0000,-997.0000,6904.7400
773,7087.0000,-997.0000,6824.4200
774,7087.0000,6080.0000,7046.6400
775,7087.0000,-997.0000,6601.9200
776,7087.0000,6070.0000,7066.5000
777,7087.0000,-997.0000,6420.0600
778,7087.0000,-997.0000,6904.9800
779,7087.0000,-997.0000,6399.8800
780,7087.0000,-997.0000,6743.4600
781,7087.0000,-997.0000,6439.9400
782,7087.0000,-997.0000,6399.9200
783,7087.0000,-997.0000,6925.0000
784,7087.0000,-994.0000,6925.1400
785,7087.0000,-997.0000,6723.4200
786,7087.0000,-997.0000,6763.3600
787,7087.0000,-994.0000,6884.9000
788,7087.0000,-997.0000,6703.1400
789,7087.0000,-997.0000,6723.0600
790,7087.0000,6080.0000,7026.2200
791,7087.0000,6080.0000,7026.3000
792,7087.0000,6080.0000,7066.4200
793,7087.0000,-997.0000,6743.4200
794,7087.0000,-997.0000,6601.6400
795,7087.0000,6080.0000,7046.3600
796,7087.0000,6080.0000,7066.5800
797,7087.0000,-997.0000,6722.8400
798,7087.0000,-997.0000,6904.6600
799,7087.0000,-997.0000,6905.1400
800,7087.0000,6080.0000,7066.6600
801,7087.0000,-997.0000,6924.9600
802,7087.0000,6080.0000,7066.6200
803,7087.0000,-997.0000,6217.8600
804,7087.0000,-997.0000,6884.8400
805,7087.0000,-997.0000,6905.1000
806,7087.0000,-997.0000,6905.1400
807,7087.0000,7081.0000,7086.8000
808,7087.0000,-997.0000,6763.6400
809,7087.0000,6080.0000,7026.3800
810,7087.0000,-997.0000,6925.2400
811,7087.0000,-997.0000,6884.7600
812,7087.0000,-997.0000,6763.4800
813,7087.0000,-997.0000,6905.1000
814,7087.0000,6080.0000,7026.4600
815,7087.0000,6080.0000,7066.6600
816,7087.0000,6082.0000,7066.9000
817,7087.0000,-997.0000,6420.0800
818,7087.0000,7087.0000,7087.0000
819,7087.0000,6080.0000,7066.6200
820,7087.0000,-997.0000,6925.1200
821,7087.0000,-997.0000,6763.4800
822,7087.0000,-997.0000,6905.1400
823,7087.0000,-997.0000,6905.0200
824,7087.0000,-997.0000,6763.5800
825,7087.0000,6080.0000,7066.3000
826,7087.0000,-994.0000,6925.2200
827,7087.0000,-997.0000,6763.4400
828,7087.0000,-997.0000,6925.0000
829,7087.0000,-997.0000,6723.1400
830,7087.0000,-994.0000,6743.4600
831,7087.0000,-997.0000,6601.7800
832,7087.0000,-997.0000,6904.6600
833,7087.0000,-997.0000,6723.0000
834,7087.0000,-997.0000,6925.2000
835,7087.0000,-997.0000,6904.9400
836,7087.0000,-994.0000,6925.3400
837,7087.0000,-997.0000,6925.1200
838,7087.0000,-997.0000,6581.6800
839,7087.0000,-997.0000,6743.0800
840,7087.0000,6080.0000,7046.6400
841,7087.0000,-997.0000,6763.6000
842,7087.0000,-997.0000,6480.6800
843,7087.0000,-997.0000,6925.0800
844,7087.0000,7081.0000,7086.5200
845,7087.0000,-997.0000,6581.8000
846,7087.0000,6070.0000,7066.3800
847,7087.0000,-997.0000,6864.6200
848,7087.0000,-997.0000,6723.3000
849,7087.0000,6080.0000,7046.5200
850,7087.0000,-997.0000,6702.4600
851,7087.0000,6070.0000,7066.5800
852,7087.0000,6070.0000,7026.1000
853,7087.0000,6070.0000,7026.1400
854,7087.0000,6080.0000,7046.4400
855,7087.0000,-997.0000,6824.3400
856,7087.0000,-997.0000,6581.7800
857,7087.0000,-997.0000,6884.9200
858,7087.0000,-997.0000,6723.1600
859,7087.0000,-997.0000,6581.5000
860,7087.0000,-997.0000,6440.2400
861,7087.0000,-997.0000,6884.6800
862,7087.0000,-997.0000,6925.2800
863,7087.0000,-997.0000,6723.2000
864,7087.0000,-997.0000,6763.4800
865,7087.0000,-997.0000,6884.3600
866,7087.0000,-997.0000,6399.7200
867,7087.0000,6080.0000,7046.4800
868,7087.0000,-997.0000,6763.6000
869,7087.0000,6080.0000,7066.6600
870,7087.0000,6080.0000,7066.7000
871,7087.0000,6070.0000,7066.5800
872,7087.0000,-997.0000,6905.1400
873,7087.0000,-997.0000,6702.8600
874,7087.0000,-997.0000,6864.6600
875,7087.0000,6070.0000,6985.7400
876,7087.0000,-997.0000,6581.7000
877,7087.0000,6080.0000,7066.7000
878,7087.0000,-997.0000,6925.1600
879,7087.0000,-997.0000,6925.2800
880,7087.0000,-997.0000,6884.9200
881,7087.0000,-997.0000,6904.9000
882,7087.0000,7085.0000,7086.9200
883,7087.0000,-997.0000,6722.8800
884,7087.0000,-997.0000,6581.4600
885,7087.0000,-997.0000,6884.5600
886,7087.0000,-997.0000,6925.2000
887,7087.0000,-997.0000,6884.9200
888,7087.0000,-997.0000,6884.6000
889,7087.0000,-997.0000,6925.3200
890,7087.0000,6070.0000,7066.3800
891,7087.0000,7081.0000,7086.7200
892,7087.0000,-997.0000,6844.2000
893,7087.0000,-997.0000,6904.8200
894,7087.0000,-997.0000,6904.8600
895,7087.0000,6080.0000,7026.5400
896,7087.0000,-997.0000,6722.8800
897,7087.0000,-997.0000,6904.9800
898,7087.0000,6080.0000,7066.5800
899,7087.0000,-997.0000,6723.1200
900,7087.0000,6070.0000,7046.5200
901,7087.0000,-997.0000,6884.5600
902,7087.0000,-997.0000,6743.0600
903,7087.0000,-997.0000,6905.1000
904,7087.0000,-997.0000,6541.0600
905,7087.0000,-997.0000,6884.7600
906,7087.0000,6070.0000,7066.4600
907,7087.0000,-997.0000,6440.3400
908,7087.0000,-997.0000,6723.1200
909,7087.0000,-997.0000,6864.5000
910,7087.0000,6080.0000,7066.6200
911,7087.0000,-997.0000,6723.2800
912,7087.0000,-997.0000,6925.2000
913,7087.0000,6080.0000,7046.6800
914,7087.0000,6080.0000,7046.7200
915,7087.0000,6082.0000,7066.9000
916,7087.0000,6080.0000,7046.6800
917,7087.0000,-997.0000,6884.9200
918,7087.0000,-997.0000,6561.7200
919,7087.0000,-997.0000,6905.0200
920,7087.0000,-997.0000,6844.4800
921,7087.0000,6080.0000,7066.5400
922,7087.0000,7079.0000,7086.5600
923,7087.0000,-997.0000,6905.1000
924,7087.0000,6080.0000,7026.3000
925,7087.0000,6080.0000,7046.4400
926,7087.0000,6070.0000,7026.3800
927,7087.0000,-997.0000,6904.9000
928,7087.0000,6080.0000,7046.6400
929,7087.0000,-997.0000,6864.4600
930,7087.0000,6080.0000,7026.4600
931,7087.0000,-997.0000,6743.3800
932,7087.0000,6080.0000,7026.1400
933,7087.0000,-997.0000,6904.7400
934,7087.0000,-997.0000,6561.4000
935,7087.0000,-997.0000,6722.9600
936,7087.0000,-997.0000,6561.4800
937,7087.0000,7079.0000,7086.5200
938,7087.0000,-997.0000,6864.7400
939,7087.0000,-997.0000,6743.4800
940,7087.0000,-997.0000,6904.8600
941,7087.0000,-997.0000,6884.8000
942,7087.0000,6080.0000,7026.5000
943,7087.0000,-997.0000,6904.6200
944,7087.0000,6070.0000,7066.4200
945,7087.0000,7085.0000,7086.8800
946,7087.0000,7081.0000,7086.7600
947,7087.0000,7085.0000,7086.8400
948,7087.0000,6070.0000,7046.4400
949,7087.0000,-997.0000,6743.2600
950,7087.0000,-997.0000,6884.6800
951,7087.0000,-997.0000,6884.7600
952,7087.0000,-994.0000,6884.9400
953,7087.0000,-997.0000,6925.1600
954,7087.0000,6080.0000,7026.5000
955,7087.0000,7085.0000,7086.9200
956,7087.0000,-997.0000,6925.2800
957,7087.0000,-997.0000,6743.0200
958,7087.0000,-997.0000,6864.3800
959,7087.0000,-997.0000,6844.5600
960,7087.0000,-997.0000,6885.0800
961,7087.0000,-997.0000,6682.4800
962,7087.0000,6080.0000,7066.6200
963,7087.0000,-997.0000,6925.1200
964,7087.0000,-997.0000,6925.1600
965,7087.0000,-997.0000,6904.9800
966,7087.0000,-997.0000,6905.0600
967,7087.0000,-997.0000,6864.9000
968,7087.0000,-997.0000,6904.8600
969,7087.0000,6080.0000,7066.7800
970,7087.0000,-997.0000,6905.0200
971,7087.0000,-997.0000,6904.7000
972,7087.0000,6080.0000,7066.5400
973,7087.0000,-997.0000,6904.6200
974,7087.0000,-997.0000,6905.1800
975,7087.0000,6070.0000,7066.5400
976,7087.0000,7085.0000,7086.9200
977,7087.0000,-994.0000,6884.6600
978,7087.0000,6070.0000,7066.5800
979,7087.0000,-997.0000,6904.9800
980,7087.0000,-994.0000,6904.8800
981,7087.0000,6070.0000,7025.7000
982,7087.0000,-997.0000,6884.4800
983,7087.0000,-997.0000,6722.5200
984,7087.0000,-997.0000,6864.2600
985,7087.0000,6070.0000,7026.2600
986,7087.0000,7081.0000,7086.7600
987,7087.0000,-997.0000,6742.9800
988,7087.0000,-997.0000,6743.2600
989,7087.0000,-997.0000,6864.7400
990,7087.0000,-994.0000,6884.7000
991,7087.0000,6080.0000,7026.5400
992,7087.0000,6070.0000,7026.2600
993,7087.0000,-997.0000,6419.8200
994,7087.0000,-997.0000,6905.1000
995,7087.0000,6070.0000,7025.8600
996,7087.0000,6070.0000,7066.3400
997,7087.0000,7081.0000,7086.6400
998,7087.0000,7085.0000,7086.7600
999,7087.0000,-997.0000,6743.1800
1000,7087.0000,-997.0000,6885.0000
